{
    "data":{
        "groups":[{
            "count":282,
            "materialIndex":0,
            "start":0
        }],
        "index":{
            "itemSize":1,
            "array":[0,1,2,3,4,5,6,7,8,9,10,11,12,13,14,15,16,17,18,19,20,21,22,23,24,25,26,27,28,29,30,31,32,33,34,35,36,37,38,39,40,41,42,43,44,45,46,47,48,49,50,51,52,53,54,55,56,57,58,59,60,61,62,63,64,65,66,67,68,69,70,71,72,73,74,62,75,76,77,78,79,80,81,82,83,84,85,65,86,72,59,87,77,88,2,81,89,90,91,92,93,94,95,91,96,94,97,98,99,100,101,102,103,104,105,106,107,108,109,110,101,111,112,113,114,115,116,117,118,119,120,121,68,122,123,124,125,126,114,127,128,0,129,1,130,131,132,133,134,135,136,137,138,139,140,141,142,143,144,145,146,147,148,149,150,151,152,153,154,155,156,157,158,159,160,161,162,163,164,165,166,167,168,169,170,171,172,173,174,175,176,177,178,179,180,181,182,183,57,184,58,60,185,61,63,186,64,66,187,67,69,188,70,72,86,73,62,61,75,77,87,78,80,88,81,83,189,84,65,64,86,59,58,87,88,0,2,89,190,90,92,191,93,95,89,91,94,93,97,99,192,100,102,193,103,105,194,106,108,195,109,101,100,111,113,196,114,116,197,117,119,198,120,68,67,122,199,200,201,202,203,204],
            "type":"Uint16Array"
        },
        "attributes":{
            "position":{
                "itemSize":3,
                "array":[14.7051,-0.171506,-17.2367,15.4507,-0.171506,-16.413,14.7051,-0.171506,-16.413,-19.879,-0.171506,-13.8116,-20.4663,-0.168934,-10.3638,-19.879,-0.171506,-10.3638,-19.879,-0.171506,-10.3638,-20.3136,4.37856,-10.1343,-19.7262,4.37599,-10.1343,-19.7262,4.37599,-10.1343,-20.3136,4.37856,-13.5821,-19.7262,4.37599,-13.5821,-19.879,-0.171506,-13.8116,-20.3136,4.37856,-13.5821,-20.4663,-0.168934,-13.8116,-19.7382,4.01888,-13.2425,-19.867,0.185605,-10.7034,-19.7382,4.01888,-10.51,-20.4593,0.0387833,-10.5613,-20.3205,4.17084,-13.3845,-20.3205,4.17084,-10.3528,-19.7382,4.01888,-10.51,-19.7262,4.37599,-13.5821,-19.7382,4.01888,-13.2425,-19.867,0.185605,-13.4359,-19.7262,4.37599,-13.5821,-19.879,-0.171506,-13.8116,-19.7382,4.01888,-10.51,-19.879,-0.171506,-10.3638,-19.7262,4.37599,-10.1343,-19.867,0.185605,-13.4359,-19.879,-0.171506,-10.3638,-19.867,0.185605,-10.7034,-20.4663,-0.168934,-13.8116,-22.215,-0.156307,-10.635,-20.4663,-0.168934,-10.3638,-20.3205,4.17084,-10.3528,-20.4663,-0.168934,-10.3638,-20.4593,0.0387833,-10.5613,-20.4593,0.038783,-13.5931,-20.3136,4.37856,-13.5821,-20.3205,4.17084,-13.3845,-20.3205,4.17084,-10.3528,-20.3136,4.37856,-13.5821,-20.3136,4.37856,-10.1343,-21.8035,-0.0020256,-10.7898,-22.215,-0.156307,-13.5404,-21.7811,0.00282079,-13.3928,-20.4663,-0.168934,-10.3638,-21.8035,-0.0020256,-10.7898,-20.4593,0.0387833,-10.5613,-20.4663,-0.168934,-13.8116,-21.7811,0.00282079,-13.3928,-22.215,-0.156307,-13.5404,-20.4593,0.038783,-13.5931,-21.8035,-0.0020256,-10.7898,-21.7811,0.00282079,-13.3928,15.4507,7.19537,-16.413,14.7051,7.19537,-17.2367,14.7051,7.19537,-16.413,-20.8566,-0.171506,-17.2367,-19.9445,7.19537,-17.2367,-19.9445,-0.171506,-17.2367,15.4507,-0.171505,9.39967,14.7051,7.19537,9.39967,14.7051,-0.171505,9.39967,15.4507,-0.171506,-17.2367,15.4507,7.19537,-16.413,15.4507,-0.171506,-16.413,-20.8566,-0.171505,9.39967,-20.8566,7.19537,8.92322,-20.8566,-0.171505,8.92322,-19.9445,-0.171505,9.39967,-20.8566,7.19537,9.39967,-20.8566,-0.171505,9.39967,14.7051,7.19537,-17.2367,14.7051,-0.171506,-17.2367,-19.9445,7.19537,-16.413,-20.8566,7.19537,-17.2367,-20.8566,7.19537,-16.413,-20.8566,-0.171506,-17.2367,-19.9445,-0.171506,-16.413,-20.8566,-0.171506,-16.413,14.7051,-0.171506,-17.2367,15.4507,7.19537,-17.2367,15.4507,-0.171506,-17.2367,-19.9445,7.19537,9.39967,-19.9445,7.19537,-17.2367,-19.9445,-0.171506,-17.2367,-19.9445,-0.171505,8.92322,14.7051,-0.171505,9.39967,-19.9445,-0.171505,9.39967,14.7051,7.19537,9.39967,-19.9445,7.19537,8.92322,-19.9445,7.19537,9.39967,-20.8566,-0.171505,8.92322,-20.8566,-0.171505,9.39967,-20.8566,7.19537,8.92322,-20.8566,7.19537,9.39967,-20.8566,-0.171505,8.92322,-20.8566,7.19537,-16.413,-20.8566,-0.171506,-16.413,15.4507,-0.171505,8.92322,15.4507,7.19537,9.39967,15.4507,-0.171505,9.39967,15.4507,7.19537,9.39967,14.7051,7.19537,8.92322,14.7051,7.19537,9.39967,14.7051,-0.171505,9.39967,15.4507,-0.171505,8.92322,15.4507,-0.171505,9.39967,-20.8566,7.19537,-17.2367,-20.8566,-0.171506,-17.2367,-19.9445,-0.171506,-16.413,14.7051,-0.171505,8.92322,-19.9445,-0.171505,8.92322,-20.8566,-0.171506,-16.413,-19.9445,-0.171505,8.92322,-20.8566,-0.171505,8.92322,-19.9445,7.19537,8.92322,-20.8566,7.19537,-16.413,-20.8566,7.19537,8.92322,15.4507,7.19537,8.92322,15.4507,-0.171505,8.92322,15.4507,7.19537,8.92322,14.7051,7.19537,-16.413,14.7051,7.19537,8.92322,15.4507,-0.171506,-16.413,15.4507,-0.171505,8.92322,15.4507,-0.171506,-17.2367,-19.879,-0.171506,-13.8116,-20.4663,-0.168934,-13.8116,-20.4663,-0.168934,-10.3638,-19.879,-0.171506,-10.3638,-20.4663,-0.168934,-10.3638,-20.3136,4.37856,-10.1343,-19.7262,4.37599,-10.1343,-20.3136,4.37856,-10.1343,-20.3136,4.37856,-13.5821,-19.879,-0.171506,-13.8116,-19.7262,4.37599,-13.5821,-20.3136,4.37856,-13.5821,-19.7382,4.01888,-13.2425,-19.867,0.185605,-13.4359,-19.867,0.185605,-10.7034,-20.4593,0.0387833,-10.5613,-20.4593,0.038783,-13.5931,-20.3205,4.17084,-13.3845,-19.7382,4.01888,-10.51,-19.7262,4.37599,-10.1343,-19.7262,4.37599,-13.5821,-19.867,0.185605,-13.4359,-19.7382,4.01888,-13.2425,-19.7262,4.37599,-13.5821,-19.7382,4.01888,-10.51,-19.867,0.185605,-10.7034,-19.879,-0.171506,-10.3638,-19.867,0.185605,-13.4359,-19.879,-0.171506,-13.8116,-19.879,-0.171506,-10.3638,-20.4663,-0.168934,-13.8116,-22.215,-0.156307,-13.5404,-22.215,-0.156307,-10.635,-20.3205,4.17084,-10.3528,-20.3136,4.37856,-10.1343,-20.4663,-0.168934,-10.3638,-20.4593,0.038783,-13.5931,-20.4663,-0.168934,-13.8116,-20.3136,4.37856,-13.5821,-20.3205,4.17084,-10.3528,-20.3205,4.17084,-13.3845,-20.3136,4.37856,-13.5821,-21.8035,-0.0020256,-10.7898,-22.215,-0.156307,-10.635,-22.215,-0.156307,-13.5404,-20.4663,-0.168934,-10.3638,-22.215,-0.156307,-10.635,-21.8035,-0.0020256,-10.7898,-20.4663,-0.168934,-13.8116,-20.4593,0.038783,-13.5931,-21.7811,0.00282079,-13.3928,-20.4593,0.038783,-13.5931,-20.4593,0.0387833,-10.5613,-21.8035,-0.0020256,-10.7898,15.4507,7.19537,-17.2367,-20.8566,7.19537,-17.2367,15.4507,7.19537,9.39967,15.4507,7.19537,-17.2367,-20.8566,7.19537,9.39967,14.7051,7.19537,-17.2367,14.7051,-0.171505,8.92322,14.7051,7.19537,8.92322,-20.8566,7.19537,8.92322,15.4507,7.19537,8.92322,15.4507,7.19537,8.92322,14.7051,-0.171505,8.92322,14.7051,-0.171506,-16.413,-19.9445,-0.171506,-16.413,-19.9445,7.19537,-16.413,15.4507,7.19537,8.92322,15.4507,7.19537,-16.413,14.7051,7.19537,-16.413,14.7051,-0.171505,8.92322,14.7051,-0.171506,-16.413,15.4507,-0.171506,-16.413],
                "type":"Float32Array"
            },
            "normal":{
                "itemSize":3,